REVENUE,MOU,RECCHRGE,DIRECTAS,OVERAGE,ROAM,CHANGEM,CHANGER,DROPVCE,BLCKVCE,UNANSVCE,CUSTCARE,THREEWAY,MOUREC,OUTCALLS,INCALLS,PEAKVCE,OPEAKVCE,DROPBLK,CALLFWDV,CALLWAIT,CHURN,MONTHS,UNIQSUBS,ACTVSUBS,CSA,PHONES,MODELS,EQPDAYS,CUSTOMER,AGE1,AGE2,CHILDREN,CREDITA,CREDITAA,CREDITB,CREDITC,CREDITDE,CREDITGY,CREDITZ,CREDIT_RATING,PRIZMRUR,PRIZMUB,PRIZMTWN,Column 45,REFURB,WEBCAP,TRUCK,RV,OCCPROF,OCCCLER,OCCCRFT,OCCSTUD,OCCHMKR,OCCRET,OCCSELF,OCC,OCC_LABEL,OWNRENT,MARRYUN,MARRYYES,MARRYNO,MARRY,MARRY_LABEL,MAILORD,MAILRES,MAILFLAG,TRAVEL,PCOWN,CREDITCD,RETCALLS,RETACCPT,NEWCELLY,NEWCELLN,REFER,INCMISS,INCOME,MCYCLE,CREDITAD,SETPRCM,SETPRC,RETCALL,CALIBRAT,CHURNDEP
45.69,246,44.99,0,26.75,0,-109,-10.7,5.33,0.67,7,0,0,39.89,6.67,2.67,18.67,28.67,6,0,0,0,26,1,1,APCBAL410,1,1,761,1022063,0,0,0,0,0,1,0,0,0,0,3,0,1,0,2,0,1,0,0,0,0,0,0,0,0,0,0,NONE,1,1,0,0,3,UNKNOWN,0,0,0,0,0,0,0,0,0,0,0,1,0,0,0,1,0,0,0,
40.55,291,29.99,0,3,3.17,155,6.93,2,0,0.67,2,0,42.26,13.67,2,29.67,39.33,2,0,0,0,21,3,2,NYCMAN917,2,2,642,1022212,54,0,0,0,0,1,0,0,0,0,3,0,0,0,0,0,0,0,0,0,0,0,0,0,0,0,0,NONE,1,0,0,1,0,UNMARRIED,0,0,0,0,0,1,0,0,0,0,0,0,1,0,0,0,29.99,0,0,
35.58,296,44.99,0,4.25,0,-15,1.76,9,1.33,37.33,0,0,40.67,17,4.33,51,33.33,10.33,0,0,0,23,2,1,LAXSAN714,3,2,472,1022559,0,0,0,0,0,1,0,0,0,0,3,0,0,0,0,0,1,0,0,0,0,0,0,0,0,0,0,NONE,1,1,0,0,3,UNKNOWN,0,0,0,0,0,0,0,0,1,0,0,1,0,0,0,0,29.99,0,0,
9.13,7.75,7.5,0,7.25,0,16.25,4.13,1.33,0,1.33,0,0,2.28,1.67,0,2.33,1,1.33,0,0,0,23,1,1,APCBAL410,1,1,704,1022792,40,54,0,0,0,0,0,0,1,0,6,0,1,0,2,1,1,1,0,0,0,0,0,0,0,0,0,NONE,0,0,0,1,0,UNMARRIED,1,1,0,0,0,1,0,0,0,0,0,0,5,0,1,1,0,0,0,
57.99,515.5,59.99,0,0,0,-11.5,0,8.67,3.67,17.33,1.33,0,148.57,23.33,0.67,86,75.33,12.33,0,0.67,0,23,2,1,KCYWIC316,2,1,368,1023739,30,0,0,0,1,0,0,0,0,0,2,0,1,0,2,0,0,0,0,0,0,0,0,0,0,0,0,NONE,1,0,0,1,0,UNMARRIED,0,0,0,0,0,0,0,0,0,0,0,0,4,0,0,0,29.99,0,0,
54.76,283.75,44.99,0.5,22.25,4.91,-43.75,-1.69,5,0.33,20,3,0,67.84,18,0,54.67,48.67,5.33,0,1.33,1,12,1,1,BOSBOS978,1,1,356,1054187,58,0,1,0,0,1,0,0,0,0,3,0,0,0,0,0,1,0,0,0,0,0,1,0,0,0,4,STUDENT,0,0,1,0,2,UNKNOWN,1,1,0,0,1,1,0,0,0,0,0,0,5,0,0,1,0,0,1,1
99.75,550.25,48.49,0.5,127.75,0,370.75,73.19,6.33,0,75.33,5.33,0.33,75.67,60.67,1,119,102.33,6.33,0,2,1,12,1,1,SFRSAC916,1,1,355,1054299,42,42,1,0,0,0,0,0,0,1,7,0,0,0,0,0,1,0,0,1,0,0,0,0,0,0,1,PROFESSIONAL,0,0,1,0,2,UNKNOWN,1,1,0,0,1,1,0,0,0,0,0,0,4,0,0,1,0,0,1,1
35.22,305,10,0,83.75,0,65,-2.12,1,0.33,34.67,0,0.33,39.22,48.67,5.67,61.67,156.33,1.33,0,1,1,11,2,2,SANGEO512,1,1,347,1055453,46,42,1,0,1,0,0,0,0,0,2,0,1,0,2,0,1,0,0,0,0,0,0,0,0,0,0,NONE,0,0,1,0,2,UNKNOWN,1,1,0,0,1,1,0,0,0,0,0,0,9,0,0,1,0,0,1,1
69.25,208.25,30,0,18.75,0.2,54.75,-17.2,4.67,4,17,1.33,0.33,2.31,3,0,23.67,18.33,8.67,0,0,1,13,1,1,AIRHIC828,2,2,109,1055588,76,74,0,0,1,0,0,0,0,0,2,0,0,0,0,1,1,0,0,1,0,0,0,0,0,0,1,PROFESSIONAL,0,0,1,0,2,UNKNOWN,1,1,0,0,0,1,1,1,0,0,0,0,4,0,0,0,59.99,1,1,1
81.26,560,59.99,0,9.75,0.1,-15,-28.02,2,1.67,19,0.67,0,288.42,19,0.67,166.33,26,3.67,0,3.33,1,13,1,1,CHIDAV319,1,1,407,1055632,32,0,0,0,0,0,1,0,0,0,4,0,0,0,0,0,1,0,0,0,0,0,0,0,0,0,0,NONE,1,0,0,1,0,UNMARRIED,1,1,0,0,0,0,0,0,0,0,0,0,2,0,0,1,0,0,1,1
31.01,54.5,39.99,0.5,5.25,0.19,-54.5,-2.52,0.67,4.33,0.67,0.33,0.33,14.43,4.67,0,16.33,3.33,5,0,0,1,13,1,1,APCWAS202,1,1,407,1055675,32,0,0,0,1,0,0,0,0,0,2,0,0,0,0,0,1,0,0,0,0,0,0,0,0,0,0,NONE,0,0,0,1,0,UNMARRIED,0,0,0,0,0,1,0,0,0,0,0,0,6,0,0,1,0,0,1,1
18.88,171.25,10,0.25,22,0,28.75,-5.39,1.33,0.67,7.33,0,0,28.89,4,5,28,6,2,0,0.33,1,11,2,2,NOLKEN504,1,1,343,1056009,48,18,1,0,1,0,0,0,0,0,2,0,0,1,0,0,0,0,0,1,0,0,0,0,0,0,1,PROFESSIONAL,0,1,0,0,3,UNKNOWN,1,1,0,1,0,1,0,0,0,0,0,0,9,0,0,1,0,0,1,1
9.5,0,10,0,0,0,0,0,0,0,0,0,0,0,0,0,0,0,0,0,0,1,17,2,2,APCSIL301,1,1,509,1056400,0,0,0,0,0,1,0,0,0,0,3,0,0,0,3,0,1,0,0,0,0,0,0,0,0,0,0,NONE,1,1,0,0,3,UNKNOWN,0,0,0,0,0,0,0,0,1,0,0,1,0,0,0,1,0,0,1,1
44.45,181,39.99,0,0,15.7,-181,-15.96,0.67,2.67,5.67,0,0,61.04,30.33,3,33.33,34,3.33,0,0,1,11,2,2,SANSAN210,2,1,229,1056474,56,50,0,0,0,1,0,0,0,0,3,0,1,0,2,0,1,0,0,0,0,0,0,0,0,0,0,NONE,0,0,1,0,2,UNKNOWN,0,0,0,0,0,1,0,0,1,0,0,0,6,0,0,0,29.99,0,1,1
49.99,470.75,59.99,0,0,0,-39.75,0,10,0,41.67,0,0,136.49,44.33,3.33,92,107,10,0,0.67,1,17,1,1,NYCNEW201,1,1,507,1056751,72,60,1,0,1,0,0,0,0,0,2,0,0,0,0,0,1,0,0,0,0,0,0,0,0,0,0,NONE,0,0,1,0,2,UNKNOWN,1,1,1,0,0,1,0,0,0,0,0,0,9,0,0,1,0,0,1,1
24.24,153.5,29.99,0,0,1.75,-8.5,-22.99,0,0,0,0,0,0,0,0,0,0,0,0,0,1,15,1,1,AIRASH828,1,1,442,1057233,60,0,0,0,1,0,0,0,0,0,2,1,0,0,1,1,1,0,0,0,0,0,0,0,1,0,6,RETIRED,0,0,1,0,2,UNKNOWN,0,0,0,0,0,1,0,0,0,0,0,0,3,0,0,1,0,0,1,1
48.22,30.75,52.73,0,0,0,-30.75,1.77,2.33,8,2.33,2,0,0,0.67,0,3,2.33,10.33,0,0,1,11,1,1,OHICLE216,3,2,274,1057273,28,52,0,0,0,0,1,0,0,0,4,0,0,0,0,1,1,1,0,0,0,0,0,0,0,0,0,NONE,0,1,0,0,3,UNKNOWN,0,0,0,0,1,1,0,0,0,0,0,0,6,0,0,0,39.99,0,1,1
125.12,2030.25,86.29,5.69,137.75,1.25,1244.75,42.64,16.33,0.67,145.33,3.67,2,408.88,110.33,21.33,235.33,382.67,17,0,14,1,16,3,1,DENCOL719,3,2,93,1057585,0,0,0,0,0,1,0,0,0,0,3,0,1,0,2,0,1,0,0,0,0,0,0,0,0,0,0,NONE,1,1,0,0,3,UNKNOWN,0,0,0,0,0,0,0,0,0,0,0,1,0,0,0,0,199.99,0,1,1
76.01,1324.25,44.58,1.49,99,4.66,-239.25,-64.29,9,10.33,36.67,4,0,483.66,125.67,55,124,187.33,19.33,0,2.33,1,11,1,1,ATLATL678,2,1,312,1057737,0,0,0,0,1,0,0,0,0,0,2,0,0,0,0,0,1,0,0,0,0,0,0,0,0,0,0,NONE,1,1,0,0,3,UNKNOWN,0,0,0,0,0,0,0,0,0,0,0,1,0,0,0,0,79.99,0,1,1
46.1,211,29.99,0,36.75,0,65,20.74,1.67,5,5.67,0,0,21.85,6.67,0,75.67,11,6.67,0,0.67,1,15,1,1,MINMIN612,1,1,439,1057828,34,34,1,0,1,0,0,0,0,0,2,0,1,0,2,0,1,1,0,0,0,0,0,0,0,0,0,NONE,0,0,1,0,2,UNKNOWN,0,0,0,0,1,1,0,0,0,0,0,0,9,0,0,1,0,0,1,1
54.81,556.25,59.99,0.5,1.5,0.1,-548.25,-3.26,24.67,1.33,29,0,0,117.8,50,0,113.67,137.33,26,0,3.67,1,15,1,1,PHITRT609,1,1,436,1058280,52,52,0,0,0,0,0,1,0,0,5,0,1,0,2,0,1,0,0,0,0,0,0,0,0,0,0,NONE,0,0,1,0,2,UNKNOWN,1,1,0,0,0,1,0,0,0,1,0,0,5,0,0,1,0,0,1,1
32.9,92,29.99,0.25,32,0,224,38,0,0.67,1.67,1,0,1.11,0.33,0,4.33,4.67,0.67,0,0,1,11,1,1,FLNDAY904,1,1,325,1058982,76,80,0,0,1,0,0,0,0,0,2,0,0,0,0,0,1,0,0,0,0,0,0,0,1,0,6,RETIRED,0,1,0,0,3,UNKNOWN,0,0,0,0,0,0,0,0,0,0,1,0,3,0,0,1,0,0,1,1
113.59,597.75,38.33,1.98,214,0.13,-113.75,-11.36,5,1.33,29.33,0.67,0.67,168.28,10,0.33,114,48.33,6.33,0,2.33,1,15,2,1,APCSIL301,1,1,433,1059073,26,46,0,0,1,0,0,0,0,0,2,0,1,0,2,0,1,1,0,0,0,0,0,0,0,0,0,NONE,0,1,0,0,3,UNKNOWN,1,1,0,0,0,1,0,0,0,0,0,0,6,0,0,1,0,0,1,1
376.39,1544,52.67,1.49,364,0,447,895.57,8,73.33,56,7.67,4,351.15,78,78.33,165.33,270.67,81.33,0,10.33,1,11,2,2,NCRNWN757,2,1,234,1059444,20,0,0,0,0,1,0,0,0,0,3,0,0,0,0,0,1,0,0,0,0,0,0,0,0,0,0,NONE,1,0,0,1,0,UNMARRIED,0,0,0,0,0,1,0,0,0,0,0,0,4,0,0,0,199.99,0,1,1
273.33,2061.75,93.64,0,582.75,0.93,-455.75,-171.35,36.67,2,57,1.67,0.67,536.82,173.67,18.33,288.67,240.33,38.67,0,4,1,11,2,2,LAXANA714,2,2,132,1059628,22,0,0,0,0,1,0,0,0,0,3,0,0,0,0,0,1,0,0,0,0,0,0,0,0,0,0,NONE,0,0,0,1,0,UNMARRIED,0,0,0,0,0,1,0,0,0,0,0,0,8,0,0,0,29.99,0,1,1
30.25,110.75,30,0.25,0,0,-10.75,-0.25,5,1.33,7.67,0,0.33,5.28,14.33,0.33,20,59.67,6.33,0,0,1,15,1,1,LAXBUR818,1,1,430,1059711,0,0,0,0,0,0,0,0,0,1,7,0,0,0,0,0,1,0,0,0,0,0,0,0,0,0,0,NONE,1,1,0,0,3,UNKNOWN,0,0,0,0,0,0,0,0,0,0,0,1,0,0,0,1,0,0,1,1
62.14,592.25,49.99,0,10.75,0,-139.25,-6.15,10,1.33,69.33,0.33,0.33,195.85,8.33,1.33,135.67,85,11.33,0,0,1,11,1,1,LAXCOV626,1,1,322,1059755,0,0,0,0,0,0,0,0,0,1,7,0,1,0,2,0,1,0,0,0,0,0,0,0,0,0,0,NONE,1,0,0,1,0,UNMARRIED,0,0,0,0,0,0,0,0,0,0,0,0,7,0,0,1,0,0,1,1
90.53,561.25,49.99,7.18,109.25,1.84,-47.25,-38.09,3,0.33,18.33,2.67,0.33,47.79,52,4.33,128.33,26.33,3.33,0,0,1,13,2,1,BOSBOS617,1,1,382,1059989,0,0,0,0,0,0,0,1,0,0,5,0,0,0,0,0,1,0,0,0,0,0,0,0,0,0,0,NONE,0,1,0,0,3,UNKNOWN,0,0,0,0,0,1,0,0,0,0,0,0,7,0,0,1,0,0,1,1
30.26,28.75,39.99,0,0,0,-1.75,-0.27,0.33,0,0.67,0,0,0,4,0,1,8,0.67,0,0,1,11,1,1,NYCSUF516,1,1,320,1060027,0,0,0,0,0,0,0,1,0,0,5,0,1,0,2,0,1,0,0,0,0,0,0,0,0,0,0,NONE,1,1,0,0,3,UNKNOWN,0,0,0,0,0,0,0,0,0,0,0,1,0,0,0,1,0,0,1,1
187.84,1369.5,59.71,3.71,211.75,52.7,-320.5,-49.87,22,13,58.33,2,1,213.97,24.33,0,237.67,110,35,0,5,1,11,1,1,NMXALB505,1,1,319,1060274,46,0,1,0,0,0,0,0,0,1,7,0,1,0,2,1,1,0,0,0,0,0,0,0,0,1,7,SELF-EMPLOYED,0,0,0,1,0,UNMARRIED,0,0,0,0,0,0,0,0,0,0,0,0,4,0,0,1,0,0,1,1
34.09,65.5,39.99,0,0.25,0,-23.5,0.29,2,0.33,24.67,0,0,13.77,7,2.67,27.67,8,2.33,0,0.33,1,17,1,1,NEVLVS702,1,1,487,1060548,0,0,0,0,0,0,1,0,0,0,4,0,0,0,0,0,1,0,0,0,0,0,0,0,0,0,0,NONE,1,1,0,0,3,UNKNOWN,0,0,0,0,0,0,0,0,1,0,0,0,1,0,0,1,0,0,1,1
51.5,79.75,59.99,0,0,1.51,-30.75,-0.34,0,0.67,3.67,0,0,2.87,3.33,0,43,3,0.67,0,0,1,16,1,1,OHIMAR740,1,1,480,1061638,66,66,0,0,1,0,0,0,0,0,2,0,0,0,0,0,1,0,0,0,0,0,0,0,0,0,0,NONE,0,0,1,0,2,UNKNOWN,1,1,0,0,0,1,0,0,0,0,0,0,8,0,0,1,0,0,1,1
31.98,216,41.98,0,0,0,83,0,6.33,3.67,16,0,0,48.67,16.33,9.33,55.67,22.33,10,0,0,1,12,3,2,PHITRT609,1,1,372,1061897,,,0,0,1,0,0,0,0,0,2,0,0,0,0,0,1,0,0,0,0,0,0,0,0,0,0,NONE,1,1,0,0,3,UNKNOWN,0,0,0,0,0,0,0,0,0,0,0,1,0,0,0,1,0,0,1,1
31,392,39.99,0.74,0,0,90,-1.01,1,4.33,17,0.67,0,88.74,14,0,58.67,27,5.33,0,0.33,1,10,1,1,DETDET313,1,1,304,1062850,42,0,0,0,0,0,1,0,0,0,4,0,1,0,2,0,1,1,1,1,0,0,0,0,0,0,1,PROFESSIONAL,0,0,0,1,0,UNMARRIED,0,0,0,0,0,1,0,0,0,0,0,0,4,0,0,1,0,0,1,1
36.37,392.25,44.99,0,3,0,79.75,-1.38,0.33,8.33,3.67,0,0,12.98,12.33,1,20.67,24.67,8.67,0,0,1,10,1,1,OHICOL614,1,1,301,1063204,0,0,0,0,1,0,0,0,0,0,2,0,0,0,0,0,0,0,0,0,0,0,0,0,0,0,0,NONE,1,1,0,0,3,UNKNOWN,0,0,0,0,0,0,0,0,0,0,0,1,0,0,0,1,0,0,1,1
34.37,393.25,39.99,0,12.5,0,42.75,-4.38,0.67,2.67,14.33,0,0,143.14,12,0.33,68.67,21.33,3.33,0,0.33,1,14,1,1,SANKIL254,2,2,34,1063364,42,40,1,0,1,0,0,0,0,0,2,0,0,1,0,1,1,0,0,0,0,0,0,0,0,0,0,NONE,0,0,1,0,2,UNKNOWN,1,1,0,0,0,1,0,0,0,0,0,0,9,0,0,0,149.99,0,1,1
30.25,233.5,30,0.25,0,0,-48.5,-0.25,0.33,0.67,1,0,0,9.36,7.67,5.67,9.33,38,1,0,0,0,25,1,1,DALDAL214,1,1,737,1031488,42,34,0,0,1,0,0,0,0,0,2,0,1,0,2,0,1,0,0,0,0,0,0,0,0,1,7,SELF-EMPLOYED,0,0,0,1,0,UNMARRIED,0,0,0,1,1,1,0,0,0,0,0,0,4,0,0,1,0,0,0,
26.5,319.25,19.83,1.24,15.5,0,-106.25,-15.51,2,31.33,42,1.67,0,117.19,23.33,18.33,80.33,37.33,33.33,0,1,0,25,3,3,CHINBK847,2,2,515,1031688,30,28,1,0,1,0,0,0,0,0,2,0,0,0,0,1,0,0,0,1,0,0,0,0,0,0,1,PROFESSIONAL,0,0,1,0,2,UNKNOWN,1,1,0,1,0,1,0,0,0,0,0,0,7,0,0,0,29.99,0,0,
76.55,733.5,49.91,0.25,102.75,0,283.5,-36.56,9.67,5.33,30,1,0,115.33,109,14.67,93,100.67,15,0,1,0,21,1,1,DALDAL214,2,2,265,1031965,28,0,0,0,0,1,0,0,0,0,3,0,0,0,0,0,1,0,0,0,0,0,0,0,0,0,0,NONE,0,0,0,1,0,UNMARRIED,0,0,0,0,0,1,0,0,0,1,1,0,6,0,0,0,29.99,0,0,
59.99,241.75,59.99,0,0,0,40.25,0,1,0.67,0.67,0,0,127.95,11.67,8.67,24.67,17.33,1.67,0,0,0,25,3,3,SANAUS512,1,1,734,1032137,60,52,1,0,1,0,0,0,0,0,2,0,0,1,0,0,1,1,0,1,0,0,0,0,0,0,1,PROFESSIONAL,0,0,1,0,2,UNKNOWN,1,1,0,0,0,1,0,0,0,0,0,0,9,0,0,1,0,0,0,
82.38,301.5,79.99,1.24,29.5,0,114.5,-20.41,0.67,26.67,18,2.33,0.33,43.68,15,9.33,64.67,29.67,27.33,0,0.33,0,19,3,2,HWIHON808,2,2,123,1032180,0,0,0,0,0,0,0,1,0,0,5,0,0,1,0,0,1,0,0,0,0,0,0,0,0,0,0,NONE,1,1,0,0,3,UNKNOWN,0,0,0,0,0,0,0,0,0,0,0,1,0,0,0,0,29.99,0,0,
30,134.75,30,0,0,0,-47.75,0,0,0.67,8.67,0,0,94.79,1,1,26,22.67,0.67,0,0,0,21,3,3,MIAMIA305,1,1,627,1032322,42,40,1,0,0,1,0,0,0,0,3,0,0,1,0,0,0,0,0,0,0,0,0,0,0,0,0,NONE,0,0,1,0,2,UNKNOWN,0,0,0,0,0,1,0,0,0,0,0,0,9,0,0,1,0,0,0,
74.84,1002.75,69.99,2.23,29.75,6.73,276.25,43.68,6.33,0,0.67,5.33,0,231.61,22,2.67,96.67,147,6.33,0,3,0,25,1,1,NYCNAS516,2,1,327,1032648,52,26,0,0,0,0,0,1,0,0,5,0,0,0,0,0,1,0,0,0,0,0,0,0,0,0,0,NONE,0,1,0,0,3,UNKNOWN,1,1,0,0,0,1,0,0,1,0,0,0,1,0,0,0,79.99,0,0,
29.99,19.25,29.99,0,0,0,-10.25,0,0,0.67,2,0,0,0.82,3,0,7,6.67,0.67,0,0,0,22,1,1,KCYKCM816,1,1,668,1033306,50,22,0,0,1,0,0,0,0,0,2,0,1,0,2,1,0,1,0,0,0,1,0,0,0,0,3,CRAFT,0,0,0,1,0,UNMARRIED,1,1,0,0,0,1,0,0,0,0,0,0,6,0,0,1,0,0,0,
30.42,336.75,29.99,0,0,0.16,-37.75,0.21,5.67,0.67,54.67,0,0,73.49,39,9.33,82.33,127.33,6.33,0,0.33,0,18,1,1,PHIPHI215,2,2,244,1033910,48,44,1,0,0,0,0,1,0,0,5,0,0,0,0,1,1,0,0,0,0,0,0,0,0,0,0,NONE,0,0,1,0,2,UNKNOWN,1,1,0,0,0,1,0,0,0,0,0,0,4,0,0,0,149.99,0,0,
18.48,10.75,16.99,0,2.75,0,-5.75,-1.49,0,0.67,3,0,0.33,0.28,0,0,5,2.33,0.67,0,0,0,18,1,1,APCSIL301,1,1,549,1034371,36,62,0,0,1,0,0,0,0,0,2,0,0,0,0,0,0,1,1,0,0,0,0,0,0,0,0,NONE,0,0,0,1,0,UNMARRIED,1,1,0,0,1,1,0,0,0,0,0,0,6,0,0,1,0,0,0,
60.51,636,69.99,4.46,8.75,0,0,-2.58,4.33,17.67,85.33,2.67,0,73.63,21.33,0.67,230.33,141.67,22,0,0,0,18,2,1,SANSAN210,1,1,544,1034863,36,34,1,0,0,1,0,0,0,0,3,0,0,1,0,0,1,1,0,0,0,0,0,0,0,0,0,NONE,0,0,1,0,2,UNKNOWN,1,1,0,0,1,1,0,0,0,1,0,0,4,0,0,1,0,0,0,
38.44,471.5,44.99,0,8.5,0,-149.5,-3.25,10.33,1.67,37.67,6.67,0,107.78,7.33,0,73.67,106,12,0,0,0,22,1,1,NYCBRO917,4,4,121,1034875,28,0,0,0,0,0,0,0,0,1,7,0,0,0,3,1,1,0,0,0,0,0,0,0,0,0,0,NONE,1,1,0,0,3,UNKNOWN,0,0,0,0,0,1,0,0,1,0,0,0,4,0,0,0,99.99,0,0,
10,662.25,10,0,0,0,-129.25,0,0,0,0,0,0,0,0,0,0,0,0,0,0,0,24,2,2,HOUHOU281,2,2,162,1034933,58,46,0,0,1,0,0,0,0,0,2,0,0,0,0,0,1,0,0,0,0,0,0,0,0,0,0,NONE,0,0,1,0,2,UNKNOWN,1,1,0,0,1,1,0,0,0,0,0,0,9,0,0,0,79.99,0,0,
31.27,86,29.99,0,0,0,40,3.38,0.67,0,6.33,0,0,8.23,4.33,0,21.67,14.33,0.67,0,0,0,20,1,1,SEABLV425,2,1,168,1035388,52,20,1,0,0,1,0,0,0,0,3,0,1,0,2,0,1,0,0,1,0,0,0,0,0,0,1,PROFESSIONAL,0,0,0,1,0,UNMARRIED,1,1,0,0,1,1,0,0,0,0,0,0,5,0,0,0,149.99,0,0,
61.37,633.5,44.99,0.74,73.25,0,-374.5,-26.38,6,13,27,0.33,0,143.77,49.33,19.33,75,110,19,0,2.33,0,20,2,1,DALFTW817,2,2,391,1035431,46,46,1,0,0,0,0,0,1,0,6,0,1,0,2,0,1,1,1,0,0,0,0,0,0,0,0,NONE,0,0,1,0,2,UNKNOWN,1,1,0,0,0,1,0,0,0,0,0,0,8,0,0,0,59.99,0,0,
48.44,149.5,59.99,0.25,0,0.71,92.5,0.04,0.33,5.33,13.33,0,0.33,0.91,0.67,0.67,17.67,4,5.67,0,0,0,22,2,2,FLNTAM813,1,1,643,1035476,70,62,0,0,1,0,0,0,0,0,2,0,0,1,0,0,1,1,0,0,0,0,0,0,1,0,6,RETIRED,0,0,1,0,2,UNKNOWN,1,1,0,0,0,1,0,0,1,0,0,0,7,0,0,1,0,0,0,
62.26,692,54.98,4.7,0,0,100,6.07,21,17,124,2.67,0,68.73,59,6,153.67,194.33,38,0,0.67,0,18,1,1,DALDAL214,1,1,533,1035685,48,42,0,0,0,0,0,1,0,0,5,0,0,0,0,0,1,1,0,0,0,0,0,0,0,0,0,NONE,0,0,0,1,0,UNMARRIED,0,0,0,0,0,1,0,0,0,0,0,0,5,0,0,1,0,0,0,
87.9,358,94.99,0,7,0,-358,-2.91,0,0,6.33,1,0,15.69,0.67,0,14.33,9.67,0,0,0,0,21,2,2,INDIND317,1,1,636,1036093,68,84,0,0,1,0,0,0,0,0,2,0,0,0,0,0,1,0,0,0,0,0,0,0,0,0,0,NONE,0,1,0,0,3,UNKNOWN,0,0,1,0,0,1,0,0,0,0,0,0,3,0,0,1,0,0,0,
32.53,85.25,29.99,0.25,1,0,107.75,3.16,3.33,1,3,0,0.67,0.51,3,0,16,2.67,4.33,0,0,0,17,2,1,MILMIL414,1,1,525,1036414,38,0,0,0,1,0,0,0,0,0,2,0,1,0,2,0,0,0,0,0,0,0,0,0,0,0,0,NONE,0,1,0,0,3,UNKNOWN,0,0,0,0,0,1,0,0,0,0,0,0,1,0,0,1,0,0,0,
94.19,1659.5,84.99,4.95,44,0,47.5,29.52,9,6,77,7,1.67,356.7,113.67,14,438,192,15,0,15,0,19,1,1,KCYKCM816,1,1,586,1036485,30,0,1,0,0,0,1,0,0,0,4,0,0,0,0,0,1,0,0,0,0,0,0,0,0,0,0,NONE,0,0,1,0,2,UNKNOWN,0,0,0,0,0,1,0,0,1,0,0,0,6,0,0,1,0,0,0,
49.99,1314.25,59.99,0,0,0,-56.25,0,1.67,0.33,12.33,0.33,0,324.06,19,14.33,26.33,97.67,2,0,0,0,19,3,2,SFRSMO650,2,2,62,1036522,0,0,0,1,0,0,0,0,0,0,1,0,1,0,2,0,1,0,0,0,0,0,0,0,0,0,0,NONE,1,1,0,0,3,UNKNOWN,0,0,0,0,0,0,0,0,0,1,0,1,0,0,0,0,149.99,0,0,
32.22,501.5,32.49,0,4.5,0,-28.5,4.05,4.67,29.33,24,0,0.33,120.07,15,5.67,146,91.33,34,0,1.33,0,19,2,2,NCRVIR757,1,1,582,1036933,42,42,1,0,1,0,0,0,0,0,2,0,1,0,2,0,1,0,0,0,0,0,0,0,0,0,0,NONE,0,0,1,0,2,UNKNOWN,1,1,0,0,1,1,0,0,0,0,0,0,6,0,0,1,0,0,0,
33.85,339.25,44.99,0,0,0,186.75,1.14,5.67,9.33,23,2.33,0,25.7,2.67,0.67,24.67,61.67,15,0,0.33,0,19,1,1,HOUHOU281,1,1,575,1037661,36,34,0,0,0,0,0,1,0,0,5,0,0,0,0,0,0,1,0,0,0,0,0,0,0,0,0,NONE,1,0,0,1,0,UNMARRIED,0,0,0,0,0,0,0,0,0,0,0,0,4,0,0,1,0,0,0,
51.05,268.75,29.99,0.25,66.25,0.15,-128.75,-17.81,12.67,0.33,9,0,0,164.32,18.67,16.33,118,18,13,0,0,0,23,1,1,DENCOL719,1,1,679,1037930,46,36,0,0,1,0,0,0,0,0,2,0,1,0,2,0,1,1,1,1,0,0,0,0,0,0,1,PROFESSIONAL,0,0,1,0,2,UNKNOWN,1,1,0,0,1,1,0,0,0,0,0,0,5,0,0,1,0,0,0,
50.58,341.25,34.11,0,50.5,0,251.75,39.9,3,6.33,28.67,2.33,0,80.55,9.33,0,87,49.67,9.33,0,0.67,0,21,1,1,MINSTP612,1,1,611,1038466,0,0,0,0,0,1,0,0,0,0,3,0,0,1,0,0,1,1,0,0,0,0,0,0,0,0,0,NONE,1,1,0,0,3,UNKNOWN,0,0,0,0,0,0,0,0,1,0,0,0,7,0,0,1,0,0,0,
35.52,170.5,29.99,0.25,2.5,4.12,24.5,1.15,2,0,7.67,0,0.33,13.71,4,0,36,24.33,2,0,0,0,16,1,1,NNYBUF716,1,1,497,1039025,46,40,1,0,1,0,0,0,0,0,2,0,0,0,3,0,1,0,0,0,0,0,0,0,0,0,0,NONE,0,1,0,0,3,UNKNOWN,1,1,0,0,0,1,0,0,1,0,0,0,5,0,0,1,0,0,0,
50.5,356.75,50,0.5,0,0,-36.75,-0.5,3.67,2.67,12,0,0,52.41,24.33,9.67,88.33,23,6.33,0,1,0,18,1,1,SANAUS512,1,1,555,1039342,32,30,1,1,0,0,0,0,0,0,1,0,0,0,0,0,1,1,1,0,0,0,0,0,0,1,7,SELF-EMPLOYED,0,0,1,0,2,UNKNOWN,1,1,0,1,0,1,0,0,0,0,0,0,9,1,0,1,0,0,0,
62.11,64.25,59.59,0.74,0,0,-11.25,-1.97,1,0.33,4.67,0.67,0,2.06,6,0.67,12.67,4.33,1.33,0,0,0,16,2,2,APCBAL410,1,1,492,1039492,34,0,0,0,1,0,0,0,0,0,2,0,0,0,0,0,1,0,0,0,0,0,0,0,0,0,0,NONE,0,0,1,0,2,UNKNOWN,0,0,0,0,0,1,0,0,1,0,0,0,6,0,0,1,0,0,0,
17.15,10.25,16.99,0,0,0,-0.25,-0.16,0,0,1,0,0,0,0,0,1.67,0.33,0,0,0,0,16,1,1,KCYELD316,1,1,491,1039545,72,0,0,0,1,0,0,0,0,0,2,0,0,1,3,0,1,0,0,1,0,0,0,0,0,0,1,PROFESSIONAL,0,0,0,1,0,UNMARRIED,0,0,0,0,0,1,0,0,0,0,0,0,3,0,0,1,0,0,0,
60.61,563.5,50,6.93,12.25,0,48.5,7.07,12.67,2,31.33,0.33,0,71.67,44,8,120.33,77.67,14.67,0,1.33,0,18,1,1,LAXCOR909,1,1,545,1040357,36,0,1,0,1,0,0,0,0,0,2,0,0,0,0,0,1,0,0,1,0,0,0,0,0,0,1,PROFESSIONAL,0,0,1,0,2,UNKNOWN,1,1,0,0,1,1,0,0,0,0,0,0,6,0,0,1,0,0,0,
30.06,547.75,44.99,0.25,0,0,45.25,-0.47,17,0.33,28,2,0,88.4,29.33,5,74,92,17.33,0,1,0,18,1,1,SFRSFR415,3,2,223,1040509,32,30,0,0,1,0,0,0,0,0,2,0,1,0,2,1,1,0,0,0,0,0,0,0,0,0,0,NONE,0,1,0,0,3,UNKNOWN,0,0,0,0,0,1,0,0,0,0,1,0,9,0,0,0,99.99,0,0,
50.54,449.75,49.99,0.25,1,0,-43.75,-0.55,1.33,0,6.33,0,0,148.54,14,0,23,42.67,1.33,0,0,0,18,1,1,MINMIN612,1,1,541,1040737,0,0,0,0,1,0,0,0,0,0,2,0,0,0,0,0,1,0,0,0,0,0,0,0,0,0,0,NONE,1,1,0,0,3,UNKNOWN,0,0,0,0,0,0,0,0,1,0,0,1,0,0,0,1,0,0,0,
336.43,1560.5,50,0,954.75,0,5.5,-4.13,5.67,0,32,0,0,720.99,61.67,43.67,154,119,5.67,0,5,0,18,1,1,DETDET313,1,1,540,1040906,46,36,0,0,1,0,0,0,0,0,2,0,0,0,0,0,1,1,1,0,0,0,0,0,0,0,0,NONE,0,1,0,0,3,UNKNOWN,1,1,0,0,1,1,0,0,0,0,0,0,6,0,0,1,0,0,0,
55.7,12.5,59.51,0,0,0,-2.5,0.53,0,0,2,0.33,0,0,5.67,0,2.67,4.67,0,0,0,0,22,1,1,LAXOAK805,2,1,352,1040945,56,50,0,0,1,0,0,0,0,0,2,0,0,0,3,0,1,0,0,0,0,1,0,0,0,0,3,CRAFT,0,0,1,0,2,UNKNOWN,0,0,0,0,0,1,0,0,0,0,0,0,9,0,0,0,149.99,0,0,
14.49,387,10,0.25,1,4.36,-74,6.92,2.67,55,14.33,0,0.33,61.67,21.67,10.67,101,21.33,57.67,0,0.67,0,16,2,2,NCRFAY910,1,1,471,1041488,0,0,0,1,0,0,0,0,0,0,1,0,0,1,0,0,1,0,0,0,0,0,0,0,0,0,0,NONE,1,1,0,0,3,UNKNOWN,0,0,0,0,0,0,0,0,0,0,0,1,0,0,0,1,0,0,0,
50.19,277,27.58,1.73,58.5,0.2,-277,-50.19,1.67,4.67,0.33,1.33,0,11.65,4,0.67,19.33,6.67,6.33,0,0.33,0,15,1,1,CHILAG708,2,1,158,1042335,30,0,0,0,0,0,0,1,0,0,5,0,1,0,2,0,1,0,0,0,0,0,0,0,0,0,0,NONE,0,0,0,1,0,UNMARRIED,0,0,0,0,0,0,0,0,0,0,0,0,6,0,0,0,79.99,0,0,
30,51.25,30,0,0,0,2.75,0,1,0,0,0,0,15.48,4,0.33,7,8.33,1,0,0,0,19,1,1,NYCSUF516,1,1,571,1042457,56,52,1,0,1,0,0,0,0,0,2,0,1,0,2,0,1,0,0,1,0,0,0,0,0,0,1,PROFESSIONAL,0,0,1,0,2,UNKNOWN,1,1,0,0,1,1,0,0,0,0,0,0,6,0,0,1,0,0,0,
265.8,1548,191,1.73,216.25,0.39,-546,-52.45,27.67,9,126.67,0,0.33,409.15,58.67,106,319.67,261,36.67,0,10,0,15,4,3,DALFTW817,2,2,120,1042696,42,40,1,0,0,1,0,0,0,0,3,0,1,0,2,0,1,1,1,1,0,0,0,0,0,0,1,PROFESSIONAL,0,0,1,0,2,UNKNOWN,1,1,0,0,0,1,0,0,0,0,0,0,8,1,0,0,79.99,0,0,
30.27,3,30,0,0,0,-1,-0.27,0,0,0,0,0,0,0,0,0.67,0,0,0,0,0,15,1,1,MILMIL414,1,1,456,1043231,56,0,0,0,0,1,0,0,0,0,3,0,0,0,3,0,1,0,0,1,0,0,0,0,0,0,1,PROFESSIONAL,0,0,0,1,0,UNMARRIED,1,1,0,0,1,1,0,0,0,0,0,0,5,0,0,1,0,0,0,
34.99,0,0,0,0,0,,,0.67,0,0.33,0,0,0,0,0,0,0,0.67,0,0,0,17,2,2,APCFCH703,2,1,19,1043680,58,56,1,0,0,0,0,0,1,0,6,0,0,0,0,0,1,1,0,0,0,0,0,0,0,0,0,NONE,0,0,1,0,2,UNKNOWN,1,1,0,0,0,1,0,0,1,0,0,0,9,0,0,0,149.99,0,0,
38.58,239.5,45.03,0,5.25,0,-27.5,-0.47,13,8.33,113.33,0.33,0.33,47.33,28.33,3.67,64.33,43.67,23.33,0,0,0,15,3,3,NEVLVS702,1,1,451,1043699,36,0,1,0,0,1,0,0,0,0,3,0,1,0,2,0,1,0,0,0,0,0,0,0,0,0,0,NONE,0,0,0,1,0,UNMARRIED,1,1,0,0,0,1,0,0,0,0,0,0,4,0,0,1,0,0,0,
42.32,144.5,33.38,0,0.5,0,120.5,-11.53,1.33,5,0.67,0,0.33,0.58,0.33,0,18.67,8.67,6.33,0,0,0,19,1,1,LOULOU502,4,3,78,1044060,58,0,0,0,1,0,0,0,0,0,2,0,1,0,2,0,1,0,0,1,0,0,0,0,0,0,1,PROFESSIONAL,0,0,0,1,0,UNMARRIED,1,1,0,0,0,1,0,0,0,0,0,0,7,0,0,0,29.99,0,0,
54.19,535.75,59.99,0.5,0,0,-93.75,0.05,2.67,1.33,10.67,0.33,0,144.33,33,1,78.33,117.33,4,0,2.33,0,15,1,1,MINSTP612,2,2,10,1044148,50,52,1,0,1,0,0,0,0,0,2,0,0,1,0,1,1,1,0,0,0,0,0,0,0,0,0,NONE,0,0,1,0,2,UNKNOWN,1,1,0,0,1,1,0,0,0,0,0,0,6,0,0,0,149.99,0,0,
93.17,1020,71.25,3.47,50.5,0,247,14.43,9.67,0,22.33,4.67,0,254.26,81.67,15.33,218.67,55.33,9.67,0,5.33,0,17,1,1,LAXLAG949,5,4,421,1044161,32,0,1,0,0,1,0,0,0,0,3,0,0,1,0,1,1,0,0,1,0,0,0,0,0,0,1,PROFESSIONAL,0,0,0,1,0,UNMARRIED,0,0,0,0,0,0,0,0,0,0,1,0,4,0,0,0,39.99,0,0,
50.44,502.5,44.99,0,30.5,0,198.5,36.6,8.67,0.67,9.33,0,0,114.66,16,0.33,49.67,67.67,9.33,0,2.33,0,21,1,1,HARHAR860,2,2,195,1044285,46,46,0,0,0,1,0,0,0,0,3,0,0,0,0,0,1,0,0,0,0,0,0,0,0,0,0,NONE,0,0,1,0,2,UNKNOWN,0,0,0,0,0,1,0,0,0,0,0,0,6,0,0,0,29.99,0,0,
30,49.25,30,0,0,0,-42.25,0,1,0,3.67,0,0.67,7.92,14,1.67,20,9,1,0,0,0,21,1,1,PHXGLE623,3,3,127,1044514,26,22,1,0,0,1,0,0,0,0,3,1,0,0,1,0,1,0,0,0,0,0,0,0,0,0,0,NONE,0,0,1,0,2,UNKNOWN,0,0,0,0,0,1,0,0,0,0,0,0,2,0,0,0,9.99,0,0,
99.07,564.25,49.99,0.74,34.75,0,-13.25,-4.05,15,0.67,51,1.33,0,134.3,38.33,17.67,42,119.33,16,0,1.67,0,19,1,1,SFRSCL408,4,3,133,1044581,34,58,0,0,0,1,0,0,0,0,3,0,0,0,0,0,1,0,0,0,0,0,0,0,0,0,0,NONE,1,1,0,0,3,UNKNOWN,0,0,0,0,0,0,0,0,0,0,1,0,6,0,0,0,199.99,0,0,
265.86,2178.75,84.99,3.47,456,0,-738.75,-188.89,36.67,2.33,97.67,9.33,2,567.5,338,136.67,344.33,355.67,39,0,10.67,0,19,2,2,NYCBRO917,4,3,28,1044654,52,48,1,0,0,1,0,0,0,0,3,0,0,0,0,0,1,1,0,0,0,0,0,0,0,0,0,NONE,0,0,0,1,0,UNMARRIED,0,0,0,0,1,1,0,0,0,0,0,0,9,0,0,0,199.99,0,0,
90.4,720.5,99.99,0.25,0,0.16,0.5,0.58,3,6.33,40.67,0,0,115.1,22.33,9.67,136,82.67,9.33,0,0,0,18,3,2,STLSTL314,2,2,337,1044881,52,48,0,0,1,0,0,0,0,0,2,0,1,0,2,0,1,0,0,0,0,0,0,0,0,0,0,NONE,0,0,1,0,2,UNKNOWN,0,0,0,0,0,1,0,0,0,1,0,0,9,0,0,0,9.99,0,0,
51.98,112.25,46.91,0,0,0,-69.25,-18.74,0.67,3,10.67,0,0,16.15,5,2.67,29.33,16.33,3.67,0,0,0,14,1,1,NEVSDG619,1,1,437,1045062,28,22,0,0,0,1,0,0,0,0,3,0,0,0,0,0,1,0,0,0,0,0,0,0,0,0,0,NONE,1,0,0,1,0,UNMARRIED,0,0,0,0,0,1,0,0,0,0,0,0,3,0,0,1,0,0,0,
47.49,226,59.99,0,0,0,0,0,3.33,4.33,32.33,0,0,3.06,11.33,0.67,74.33,20.67,7.67,0,0,0,20,2,2,NCRRIC804,4,2,273,1045590,42,40,1,0,1,0,0,0,0,0,2,0,0,1,0,0,1,0,0,0,0,0,0,0,0,0,0,NONE,0,0,1,0,2,UNKNOWN,1,1,0,0,1,1,0,0,0,0,0,0,7,0,0,0,59.99,0,0,
38.05,1222,44.99,0,8.75,0,-162,-3.06,3.67,0.67,108.33,6.67,0,17.56,30,4,54.33,92,4.33,0,0.67,0,18,4,2,LAXLAX323,2,2,342,1045819,58,50,1,0,1,0,0,0,0,0,2,0,0,0,0,0,1,0,0,0,0,0,0,0,0,0,0,NONE,0,1,0,0,3,UNKNOWN,1,1,0,0,1,1,0,0,0,0,0,0,5,0,0,0,9.99,0,0,
59.29,722.25,59.99,1.24,15.25,0,18.75,-1.8,8.67,7.33,68.33,0.67,0,193.22,7,2.67,202,135.67,16,0,4.67,0,14,1,1,DALFTW817,1,1,420,1046865,32,24,0,0,0,0,0,1,0,0,5,0,0,0,0,0,1,1,1,0,0,0,0,0,0,0,0,NONE,0,0,0,1,0,UNMARRIED,0,0,0,0,0,1,0,0,0,0,0,0,5,0,0,1,0,0,0,
73.49,375.75,54.32,0.25,85.75,0,-300.75,-124.14,2.67,2.33,41.33,1.67,0,122.72,51,17,169.67,71.67,5,0,1,0,14,2,2,OMADES515,3,2,153,1047391,46,0,0,0,1,0,0,0,0,0,2,0,0,0,0,0,1,0,0,0,0,0,0,0,0,0,0,NONE,0,1,0,0,3,UNKNOWN,0,0,0,0,0,0,0,0,0,0,0,0,5,0,0,0,199.99,0,0,
50.59,214.75,59.99,0,0,0,38.25,-0.45,2,0.33,26.33,0,0,26.71,38.67,9.67,46.67,68,2.33,0,0,0,14,2,2,PHXPHX602,1,1,415,1047415,24,0,0,0,1,0,0,0,0,0,2,0,0,0,0,0,1,1,0,0,0,1,0,0,0,0,3,CRAFT,0,0,0,1,0,UNMARRIED,0,0,0,0,0,1,0,0,0,0,0,0,3,0,0,1,0,0,0,
58.6,413,47.37,0,23.25,0.2,121,19.84,6.67,3.33,38.67,2.33,1.67,161.44,34.33,4.67,64,80,10,0,1.67,0,15,1,1,DETDET313,1,1,470,1048121,28,28,0,0,0,0,0,1,0,0,5,0,0,0,0,0,1,1,0,0,0,0,0,0,0,0,0,NONE,1,0,0,1,0,UNMARRIED,0,0,0,0,0,1,0,0,0,0,0,0,2,0,0,1,0,0,0,
32.18,262,29.99,0.25,5,0,-59,-2.19,2.33,0.33,27.33,0,0,65.08,14,3.33,39.33,44.67,2.67,0,0,0,17,1,1,BOSNSH603,1,1,515,1048185,0,0,0,0,1,0,0,0,0,0,2,0,0,0,0,0,1,0,0,0,0,0,0,0,0,0,0,NONE,1,1,0,0,3,UNKNOWN,0,0,0,0,0,0,0,0,1,0,0,1,0,0,0,1,0,0,0,
60.09,1252.25,59.99,0,29.5,0,329.75,-5.1,10.67,0,47.67,7.67,0,400.47,28.33,8.33,198.67,206.33,10.67,0,2.67,0,19,2,1,LAXSFN818,2,2,434,1048449,30,0,0,0,0,1,0,0,0,0,3,0,1,0,2,1,1,0,0,0,0,0,0,0,0,0,0,NONE,0,0,0,1,0,UNMARRIED,0,0,0,0,0,1,0,0,0,1,0,0,7,0,0,0,149.99,0,0,
55.7,1093.5,44.99,0.74,55.75,0.45,5.5,-0.82,23.67,0,28.67,0,0,175.19,62,9.67,92,198,23.67,0,0,0,15,1,1,NYCBRO917,1,1,459,1049317,0,0,0,0,1,0,0,0,0,0,2,0,0,0,0,0,1,0,0,0,0,0,0,0,0,0,0,NONE,1,1,0,0,3,UNKNOWN,0,0,0,0,0,0,0,0,0,0,0,1,0,0,0,1,0,0,0,
58.46,376,17.2,4.46,92,0,-376,-58.46,9,0,48.33,0,0,94.06,15,7,189.33,41.67,9,0,0.67,0,19,1,1,LAXSAN714,4,3,102,1049729,0,0,0,0,0,0,1,0,0,0,4,0,0,0,0,0,1,0,0,0,0,0,0,0,0,0,0,NONE,1,1,0,0,3,UNKNOWN,0,0,0,0,0,0,1,0,0,0,0,1,0,0,0,0,129.99,1,0,
32.2,1754.25,33.7,0,2.25,0,564.75,-1.79,11.33,0.67,69,6.33,1.33,353.88,78.67,35,150,289,12,0,6,0,19,1,1,BOSBOS978,1,1,563,1049733,0,0,0,0,0,1,0,0,0,0,3,0,0,0,0,0,1,0,0,0,0,0,0,0,0,0,0,NONE,0,0,0,1,0,UNMARRIED,0,0,0,0,0,1,0,0,0,0,1,0,1,0,0,1,0,0,0,
11.24,293.75,10,1.24,0,0,41.25,0.74,5.67,0,19,0,0,33.45,8,2,106,23.33,5.67,0,0.33,0,15,2,2,LAXRIV909,1,1,455,1049777,44,0,0,0,1,0,0,0,0,0,2,0,1,0,2,0,1,0,0,0,1,0,0,0,0,0,2,CLERICAL,0,0,0,1,0,UNMARRIED,1,1,0,0,0,1,0,0,0,0,0,0,7,0,0,1,0,0,0,
77.13,1317.5,84.99,5.45,0,0.44,154.5,4.01,5,2,15.33,0,0.33,191.1,64,11,112.67,89.33,7,0,2,0,15,1,1,SFRSFR415,2,1,60,1050212,26,0,0,0,0,0,0,1,0,0,5,0,0,0,0,0,1,0,0,0,0,0,0,0,0,0,0,NONE,0,0,0,1,0,UNMARRIED,0,0,0,0,0,1,0,0,0,0,0,0,9,0,0,0,149.99,0,0,
53.24,339,59.99,0,0,0,37,0,2.33,0.33,19.67,0,0,31.32,3,1.33,26.67,18.67,2.67,0,0.67,0,17,1,1,ATLATL678,2,1,490,1050361,52,50,0,0,0,0,1,0,0,0,4,0,0,0,0,0,1,0,0,0,0,0,0,0,0,0,0,NONE,0,0,0,1,0,UNMARRIED,1,1,0,0,0,1,0,0,0,0,0,0,4,0,0,0,59.99,0,0,
70.5,835.25,70.07,0,4.75,0,-319.25,-10.51,2.67,5,29,0.33,0,344.89,35,16.33,155.33,160,7.67,0,3.33,0,15,1,1,MINMIN612,3,2,163,1050791,32,0,0,0,0,1,0,0,0,0,3,0,0,0,3,1,1,0,0,0,0,0,0,0,0,0,0,NONE,1,1,0,0,3,UNKNOWN,0,0,0,0,0,0,0,0,0,0,0,1,0,0,0,0,99.99,0,0,
5.05,0,5,0,0,0,0,-0.05,0,0,0,0,0,0,0,0,0,0,0,0,0,0,13,1,1,NYCBRO917,1,1,384,1050880,52,50,0,0,1,0,0,0,0,0,2,0,0,0,0,0,1,0,0,0,0,0,0,0,0,0,0,NONE,0,0,1,0,2,UNKNOWN,1,1,0,0,0,1,0,0,0,0,0,0,9,0,0,1,0,0,0,
38.14,369,44.99,0.25,0,2.38,-102,-1.52,2.67,0.33,26,0,0,149.08,39.33,1,65.33,93,3,0,3.67,0,17,1,1,NNYROC716,1,1,490,1051156,54,50,1,0,1,0,0,0,0,0,2,0,1,0,2,0,1,1,1,1,0,0,0,0,0,0,1,PROFESSIONAL,0,0,1,0,2,UNKNOWN,1,1,0,0,1,1,0,0,0,0,0,0,6,0,0,1,0,0,0,
50.84,529.25,42.53,0,54.5,0,102.75,-2.4,3,4.33,14.33,0,0,97.21,45,16.67,54.67,54,7.33,0,0.67,0,12,1,1,ATLATL678,1,1,375,1051922,24,0,0,0,1,0,0,0,0,0,2,0,0,0,0,0,1,0,0,0,0,0,0,0,0,0,0,NONE,0,0,0,1,0,UNMARRIED,0,0,0,0,0,1,0,0,0,0,0,0,8,0,0,1,0,0,0,
84.04,296,85,0.74,29,0,-106,-9.04,10,0,1,0,0,43.56,41.33,3,44.33,61.33,10,0,0.67,0,16,2,2,NYCWHI914,1,1,483,1051972,54,52,1,0,1,0,0,0,0,0,2,0,0,0,0,0,1,1,1,0,0,0,0,0,0,0,0,NONE,0,0,1,0,2,UNKNOWN,1,1,0,1,0,1,0,0,0,1,0,0,9,0,0,1,0,0,0,
35.73,176,39.99,3.22,0,0.64,32,7.08,0.67,2.33,7.33,0,0,21.41,5.33,0.67,37.67,34,3,0,0,0,12,1,1,OHIBER440,1,1,374,1052057,32,0,0,0,1,0,0,0,0,0,2,0,1,0,2,1,1,1,1,1,0,0,0,0,0,0,1,PROFESSIONAL,0,0,1,0,2,UNKNOWN,0,0,0,1,1,1,0,0,0,0,0,0,6,0,0,1,0,0,0,
44.85,318.25,39.83,0.99,2,0,115.75,0.37,2.67,4,27,0.33,0,81.94,31.67,13.33,99.33,39,6.67,0,2,0,16,1,1,KCYTOP913,1,1,481,1052165,0,0,0,0,0,0,0,1,0,0,5,1,0,0,1,0,1,0,0,0,0,0,0,0,0,0,0,NONE,1,1,0,0,3,UNKNOWN,0,0,0,0,0,0,0,0,0,0,0,1,0,0,0,1,0,0,0,
90.38,684.25,39.99,2.48,116.75,0,546.75,138.2,12,0,9.33,0,0.33,247.93,29.33,0.33,48,67,12,0,3,0,16,1,1,DETPON248,4,2,270,1052446,36,38,0,0,0,0,1,0,0,0,4,0,0,0,0,1,1,0,0,0,0,0,0,0,0,0,0,NONE,0,0,1,0,2,UNKNOWN,1,1,0,1,1,1,0,0,1,0,0,0,4,0,0,0,99.99,0,0,
37.19,135.75,29.99,1.24,16.25,0,-18.75,-7.2,4.67,0,3,2,0,3.36,24,3,55.33,25.33,4.67,0,0,0,12,1,1,NYCBRO917,1,1,371,1052457,48,0,0,0,0,0,0,1,0,0,5,0,0,0,0,0,0,0,0,0,0,0,0,0,0,0,0,NONE,1,1,0,0,3,UNKNOWN,0,0,0,0,0,1,0,0,1,0,0,0,6,0,0,1,0,0,0,
33.71,246,40,0,0,0,-73,-3.11,1,0,10,0,0.33,25.81,8.67,0,31,12.33,1,0,0,0,16,1,1,PITBUT412,1,1,473,1053062,0,0,0,0,0,1,0,0,0,0,3,1,0,0,1,0,1,0,0,0,0,0,0,0,0,0,0,NONE,1,1,0,0,3,UNKNOWN,0,0,0,0,0,0,0,0,0,0,0,1,0,0,0,1,0,0,0,
32.68,223.75,29.99,0.5,0,0,44.25,2.65,1.33,0,9.67,0.33,0,49.59,37,10.33,26,89.33,1.33,0,0.67,0,12,1,1,NYCMAN917,1,1,356,1054148,38,26,0,0,0,1,0,0,0,0,3,0,0,0,0,0,1,0,0,1,0,0,0,0,0,0,1,PROFESSIONAL,0,1,0,0,3,UNKNOWN,0,1,1,1,1,1,0,0,0,0,0,0,9,0,0,1,0,0,0,
62.05,632,44.99,0,68.75,1.85,120,23,4.33,7.33,46,0,0,184.53,27,1,109,77.33,11.67,0,1,0,18,1,1,HOULJK409,1,1,525,1054155,32,42,0,0,0,0,1,0,0,0,4,0,0,1,0,0,1,1,1,0,0,0,0,0,0,0,0,NONE,0,0,1,0,2,UNKNOWN,0,0,0,0,0,1,0,0,0,0,0,0,1,0,0,1,0,0,0,
99.3,617.25,45.15,5.45,126.5,0,-19.25,-40.4,13.33,1.33,56.67,1,0.33,162.2,43.67,1.33,123,111,14.67,0,3.33,0,12,2,2,LAXIRV949,2,2,74,1054508,30,30,0,0,0,0,0,1,0,0,5,0,1,0,2,0,0,0,0,0,0,0,0,0,0,0,0,NONE,0,0,1,0,2,UNKNOWN,0,0,0,0,0,1,0,0,0,0,0,0,6,0,0,0,9.99,0,0,
38.22,93.5,29.99,0.25,0,0,-10.5,-2.91,0,1.67,3,0,0,2.29,3.33,0.33,8.33,12,1.67,0,0,0,16,2,1,NCRWIN336,1,1,458,1054914,26,0,0,0,0,1,0,0,0,0,3,0,0,0,0,0,1,0,0,0,0,0,0,0,0,0,0,NONE,1,0,0,1,0,UNMARRIED,0,0,0,0,0,0,0,0,1,0,0,0,6,0,0,1,0,0,0,
53.44,475.75,59.99,0,0,0,-36.75,-0.45,1,0.33,17.67,0,0,104.03,25.33,0.33,89,39,1.33,0,0,0,11,1,1,MINMIN612,1,1,349,1055178,0,0,0,0,0,0,0,0,0,1,7,0,0,0,0,0,1,0,0,0,0,0,0,0,0,0,0,NONE,1,1,0,0,3,UNKNOWN,0,0,0,0,0,0,0,0,0,0,0,1,0,0,0,1,0,0,0,
21.63,231.5,10,0,37.5,0,-46.5,4.38,2.33,0.33,5.33,0.33,0,70.07,12.67,5,46,16.67,2.67,0,1,0,15,2,2,DALDAL214,1,1,455,1055376,44,44,1,0,1,0,0,0,0,0,2,0,0,0,0,0,1,1,0,0,0,0,0,0,0,0,0,NONE,0,0,1,0,2,UNKNOWN,0,0,0,0,0,1,0,0,0,0,0,0,3,0,0,1,0,0,0,
50.73,305.5,49.99,0.74,0,0,-74.5,2.23,2.67,0.67,18.67,0,0,1.35,0.67,0,34.67,34,3.33,0,0,0,17,1,1,LAXIRV949,1,1,512,1056029,0,0,0,0,1,0,0,0,0,0,2,0,1,0,2,0,1,0,0,0,0,0,0,0,0,0,0,NONE,0,0,0,1,0,UNMARRIED,0,0,0,0,0,0,0,0,0,0,0,0,6,0,0,1,0,0,0,
32.6,214.75,35,1.49,0,0,-214.75,-108.84,10.33,2,21.33,0.33,0,34.31,8.33,2.33,47,30.67,12.33,0,0.33,0,11,1,1,DALDAL214,1,1,341,1056211,20,18,0,0,0,0,1,0,0,0,4,0,0,1,0,0,1,0,0,0,0,0,0,0,0,0,0,NONE,0,1,0,0,3,UNKNOWN,1,1,0,0,0,1,0,0,0,0,0,0,5,0,0,1,0,0,0,
85.86,2617.5,10,16.09,208.25,0,-814.5,-67.94,25,15.33,92.67,6,0,487.72,85,24.33,565.67,97.33,42,0,26.67,0,17,2,2,MIADFD954,1,1,508,1056507,32,0,0,0,0,1,0,0,0,0,3,0,1,0,2,0,1,0,0,0,0,0,0,0,0,0,0,NONE,0,0,0,1,0,UNMARRIED,0,0,0,0,0,1,0,0,1,0,0,0,9,0,0,1,0,0,0,
58.56,467.75,49.99,0.25,15.25,0,55.25,2.27,7.67,0.67,11,4.33,0,131.86,4.67,0,42.67,41,8.33,0,0.67,0,11,1,1,FLNTAM813,2,2,160,1056704,40,42,1,0,0,0,0,1,0,0,5,0,0,1,0,1,1,1,0,1,0,0,0,0,0,0,1,PROFESSIONAL,0,0,1,0,2,UNKNOWN,1,1,0,0,0,1,0,0,0,0,0,0,6,0,0,0,79.99,0,0,
32.85,293.75,30,0,8,0,-38.75,-2.85,3.33,0,1.33,0,1.33,35.29,13.67,0.33,93.33,44,3.67,0,0,0,17,1,1,NYCBRO917,1,1,505,1056943,0,0,0,0,0,1,0,0,0,0,3,0,0,0,0,0,1,0,0,0,0,0,0,0,0,0,0,NONE,1,1,0,0,3,UNKNOWN,0,0,0,0,0,0,0,0,1,0,0,1,0,0,0,1,0,0,0,
39.07,733.25,44.99,0.74,9.25,0.1,-195.25,-3.03,0,0,0,0,0,0,0,0,0,0,0,0,0,0,13,1,1,HARLON860,1,1,396,1057216,64,64,1,0,1,0,0,0,0,0,2,0,0,1,0,0,1,0,0,0,0,0,0,0,0,0,0,NONE,0,0,1,0,2,UNKNOWN,1,1,0,0,1,1,0,0,0,0,0,0,7,0,0,1,0,0,0,
107.8,2027.25,59.99,1.49,199,0,-17.25,-4.02,8.67,30,68,1,0.33,816.95,165.67,69.67,263,347.67,38.67,0,8,0,15,2,2,CHICHI312,2,2,214,1057280,22,0,0,0,1,0,0,0,0,0,2,0,0,1,0,0,1,0,0,0,0,0,0,0,0,0,0,NONE,0,1,0,0,3,UNKNOWN,0,0,0,0,0,1,0,0,0,0,1,0,9,0,0,0,79.99,0,0,
88.38,484.5,10,0.99,193.75,19.76,-56.5,-78.88,6.67,9.33,8.33,1.33,0,81.62,11.33,0.33,54.33,24.67,16,0,1,0,13,2,2,ATLANE678,1,1,395,1057479,46,46,0,0,1,0,0,0,0,0,2,0,1,0,2,0,1,0,0,0,0,0,0,0,0,0,0,NONE,0,1,0,0,3,UNKNOWN,1,1,0,0,0,1,0,0,1,0,0,0,9,0,0,1,0,0,0,
77,657.75,84.99,1.24,0,0,587.25,-0.03,3.67,34.67,18.33,1,0,49.24,37.33,25.67,103.33,109,38.33,0,0,0,11,3,3,ATLKNO423,1,1,332,1057683,0,0,0,0,0,1,0,0,0,0,3,0,0,0,0,0,1,0,0,0,0,0,0,0,0,0,0,NONE,1,1,0,0,3,UNKNOWN,0,0,0,0,0,0,0,0,0,0,0,1,0,0,0,1,0,0,0,
39.25,438.25,44.99,0,0,0.26,28.75,-0.26,7.33,3.33,22.67,0.67,0,52.4,14.67,10.67,32.33,60,10.67,0,0.33,0,15,2,2,DETANN734,2,2,100,1057998,56,78,0,0,1,0,0,0,0,0,2,0,0,0,3,0,1,1,1,0,0,0,0,0,0,0,0,NONE,0,0,0,1,0,UNMARRIED,1,1,0,0,0,1,0,0,1,0,0,0,2,0,0,0,149.99,0,0,
33.51,48.25,39.99,0,0,0,-22.25,-0.27,0.33,0,3.67,0,0,12.21,11,5.33,20.33,8.67,0.33,0,0,0,11,1,1,BOSMAN603,1,1,327,1058608,54,52,0,0,0,0,1,0,0,0,4,0,0,1,0,0,1,1,1,1,0,0,0,0,0,0,1,PROFESSIONAL,0,0,1,0,2,UNKNOWN,1,1,0,1,1,1,0,0,0,0,0,0,8,0,0,1,0,0,0,
30,180,30,0,0,0,46,0,2.33,0.67,30.67,3.33,0,50.24,12,6.67,70.67,36,3,0,0,0,13,4,1,PHXGLE623,1,1,387,1059078,0,0,0,1,0,0,0,0,0,0,1,0,0,0,0,0,1,0,0,0,0,0,0,0,0,0,0,NONE,1,1,0,0,3,UNKNOWN,0,0,0,0,0,0,0,0,0,0,0,1,0,0,0,1,0,0,0,
30.27,75,40,0,0,0,225,-0.27,0,0,0,0,0,0,0,0,0,0,0,0,0,0,11,1,1,NYCMAN917,2,2,15,1059219,28,0,0,0,1,0,0,0,0,0,2,0,0,0,0,0,1,0,0,0,0,0,0,0,0,0,0,NONE,0,1,0,0,3,UNKNOWN,0,0,0,0,0,1,0,0,0,0,0,0,6,0,0,0,59.99,0,0,
38.1,463.5,44.99,0.25,7.25,0,49.5,7.08,2,1.33,39.33,0.67,0.67,150.35,32.33,1.33,92.33,103.67,3.33,0,2.33,0,11,1,1,OKCOKC405,2,2,205,1059230,0,0,0,0,0,0,0,1,0,0,5,1,0,0,1,0,1,0,0,0,0,0,0,0,0,0,0,NONE,1,1,0,0,3,UNKNOWN,0,0,0,0,0,0,0,0,0,1,0,1,0,0,0,0,29.99,0,0,
48.11,341.25,29.99,0.74,37,0.64,165.75,32.73,7.67,0,14.67,0.33,0.67,51.85,13.33,0.67,46,44.67,7.67,0,0,0,13,1,1,NYCBRO917,1,1,385,1059390,0,0,0,0,0,0,1,0,0,0,4,0,0,0,3,0,1,0,0,0,0,0,0,0,0,0,0,NONE,1,1,0,0,3,UNKNOWN,0,0,0,0,0,0,0,0,0,0,0,1,0,0,0,1,0,0,0,
52.88,357,39.99,0,26.5,0,-80,-9.64,2,0.67,18.33,0,0,49.57,10.67,2.33,52.67,22,2.67,0,0,0,11,1,1,NSHNSH615,1,1,323,1059459,0,0,0,0,0,0,0,1,0,0,5,0,0,1,0,0,1,0,0,0,0,0,0,0,0,0,0,NONE,1,1,0,0,3,UNKNOWN,0,0,0,0,0,0,0,0,0,0,0,1,0,0,0,1,0,0,0,
10.09,247.25,10,0,0,0,75.75,-0.09,1.67,3,15,0,0,16.15,11.67,2.67,44.67,27.33,4.67,0,0,0,11,2,2,CHISPR217,1,1,321,1059823,44,42,1,0,1,0,0,0,0,0,2,0,1,0,2,0,1,0,0,1,0,0,0,0,0,0,1,PROFESSIONAL,0,0,1,0,2,UNKNOWN,1,1,0,0,1,1,0,0,1,0,0,0,9,0,0,1,0,0,0,
65.15,1296.5,69.99,0,1.75,4.6,-129.5,2.36,24.67,0.33,55.67,1.33,4.33,510.22,141.33,59,121.33,254.67,25,0,14.33,0,17,2,2,NNYBUF716,4,3,48,1059849,50,50,1,0,0,1,0,0,0,0,3,0,0,1,0,0,0,1,0,1,0,0,0,0,0,0,1,PROFESSIONAL,0,0,1,0,2,UNKNOWN,1,1,0,0,1,1,0,0,0,0,0,0,8,0,0,0,199.99,0,0,
31.39,649.25,30,0,3,0,7.75,-1.39,10,2.67,21.33,3,0,313.44,23.33,24,50,103.67,12.67,0,3.67,0,13,2,2,DALFTW817,1,1,381,1060183,46,44,1,0,1,0,0,0,0,0,2,0,0,1,0,0,1,1,1,0,0,0,0,0,0,0,0,NONE,0,0,1,0,2,UNKNOWN,0,0,0,0,0,1,0,0,0,0,0,0,6,0,0,1,0,0,0,
33.99,252.75,39.99,0,0,4,29.25,-4,0.33,2,5.67,1,0.33,0,0,0,19,14,2.33,0,0,0,15,1,1,SANSAN210,1,1,426,1060599,46,0,0,0,1,0,0,0,0,0,2,1,0,0,1,0,1,0,0,1,0,0,0,0,0,0,1,PROFESSIONAL,0,0,1,0,2,UNKNOWN,0,0,0,0,0,1,0,0,0,0,0,0,9,0,0,1,0,0,0,
50.39,493.75,47.37,0,4,0,23.25,1,2,0.67,32,0,0,111.73,27,9.67,74,95.33,2.67,0,1,0,14,1,1,PHIPLS609,1,1,423,1060968,0,0,0,0,0,0,0,1,0,0,5,0,1,0,2,0,1,0,0,0,0,0,0,0,0,0,0,NONE,0,1,0,0,3,UNKNOWN,0,0,0,0,0,1,0,0,0,0,0,0,7,0,0,1,0,0,0,
119.88,1992.5,69.99,0.99,172.25,0,-46.5,-46.29,35.67,5,57,5.67,2,518.4,96.33,32.67,167.33,357.67,40.67,0,2.67,0,14,1,1,NYCBRO917,1,1,423,1061027,52,44,1,0,0,1,0,0,0,0,3,0,0,0,0,0,1,0,0,0,0,0,0,0,0,0,0,NONE,0,0,0,1,0,UNMARRIED,1,1,0,0,1,1,0,0,0,0,0,0,6,0,0,1,0,0,0,
35.13,249,39.99,0,3.25,0,-52,-1.14,0.67,5.33,11,0,0,30.08,23.33,0.67,50,35.67,6,0,0,0,12,1,1,INDIND317,1,1,376,1061108,0,0,0,0,1,0,0,0,0,0,2,0,1,0,2,0,1,0,0,0,0,0,0,0,0,0,0,NONE,1,1,0,0,3,UNKNOWN,0,0,0,0,0,0,0,0,0,0,0,1,0,0,0,1,0,0,0,
28.46,29.5,31.46,0.25,15.25,0.16,-15.5,1.53,1.67,0.33,2.33,0,0,0,0.33,0,4.67,1,2,0,0,0,10,1,1,BOSBOS978,1,1,313,1061371,,,0,0,1,0,0,0,0,0,2,0,0,1,0,0,1,0,0,0,0,0,0,0,0,0,0,NONE,1,1,0,0,3,UNKNOWN,0,0,0,0,0,0,0,0,0,0,1,1,0,0,0,1,0,0,0,
51.13,496.25,59.99,0.25,0,0.16,-53.25,-1.14,5.33,0,18.33,0,0.33,65.74,15.33,0,124.67,102.67,5.33,0,0,0,10,1,1,NYCQUE917,1,1,311,1061662,0,0,0,0,1,0,0,0,0,0,2,0,0,0,0,0,1,0,0,0,0,0,0,0,0,0,0,NONE,1,1,0,0,3,UNKNOWN,0,0,0,0,0,0,0,0,0,0,0,1,0,0,0,1,0,0,0,
88.4,1201.5,84.99,9.41,0,0,-162.5,-0.5,8,9.33,57,0.67,0,198.23,50.33,7.33,271.33,129.33,17.33,0,6,0,12,1,1,SANAUS512,2,2,167,1061902,0,0,0,0,0,0,0,1,0,0,5,0,0,1,0,0,1,0,0,0,0,0,0,0,0,0,0,NONE,1,1,0,0,3,UNKNOWN,0,0,0,0,0,0,0,0,0,0,0,1,0,0,0,0,129.99,0,0,
41.09,653.75,42.37,0,12.25,0.74,-80.75,-3.54,9.33,2,54.67,17.33,0,139.6,13.33,8,52,42.67,11.33,0,0.33,0,16,1,1,SANSAN210,1,1,478,1061965,,,0,0,0,1,0,0,0,0,3,0,0,0,0,0,1,0,0,0,0,0,0,0,0,0,0,NONE,1,1,0,0,3,UNKNOWN,0,0,0,0,0,0,0,0,0,0,0,1,0,0,0,1,0,0,0,
30.98,81.75,39.99,0.99,0,0,-46.75,-0.99,0,2.67,6.67,0,0,1.61,0.67,0,42.33,4.67,2.67,0,0,0,16,2,2,OHIBER440,2,2,224,1062428,40,0,0,0,1,0,0,0,0,0,2,0,1,0,2,0,1,0,0,0,0,0,0,0,0,0,0,NONE,0,0,0,1,0,UNMARRIED,0,0,0,0,0,0,0,0,0,0,0,0,6,0,0,0,59.99,0,0,
81.55,1736.75,72.99,0.25,0.25,0.48,102.25,-55.57,23,1.33,182,13.67,0.33,296.34,95.33,34.67,170.33,291.67,24.33,0,0.67,0,14,1,1,NYCBRO917,1,1,414,1062472,0,0,0,0,0,0,0,0,0,1,7,0,0,0,0,0,1,0,0,0,0,0,0,0,0,0,0,NONE,1,1,0,0,3,UNKNOWN,0,0,0,0,0,0,0,0,1,0,1,1,0,0,0,1,0,0,0,
49.82,364.5,39.99,0,55.75,0.32,210.5,44.22,1.33,0.67,28,0,0,75.37,38,25.33,82.33,46,2,0,0.33,0,14,1,1,OHIBER440,1,1,413,1062729,42,38,1,0,0,0,0,1,0,0,5,0,1,0,2,0,1,1,0,1,0,0,0,0,0,0,1,PROFESSIONAL,0,0,1,0,2,UNKNOWN,1,1,0,0,1,1,0,0,0,0,0,0,7,0,0,1,0,0,0,
77.67,845.25,69.99,0,81.5,0,57.75,24.03,4.67,2,24.33,0,0,277.01,27.67,4.33,125.33,88,6.67,0,3,0,12,2,2,HOUCON409,1,1,365,1062979,56,54,1,0,1,0,0,0,0,0,2,0,0,1,0,0,1,1,1,0,0,0,0,0,0,0,0,NONE,0,0,1,0,2,UNKNOWN,0,0,0,0,1,1,0,0,0,0,1,0,9,0,0,1,0,0,0,
32.52,427,39.99,0.74,0.5,0,-35,-1.54,1,2.67,35,8,0,33.32,14.33,0,66,60.33,3.67,0,0,0,12,1,1,MIAWPB561,1,1,364,1063147,44,34,0,0,1,0,0,0,0,0,2,0,0,0,0,0,1,1,0,0,0,0,0,0,0,0,0,NONE,0,1,0,0,3,UNKNOWN,0,0,0,0,0,1,0,0,0,0,0,0,3,0,0,1,0,0,0,
43.23,529.75,54.91,0,0,0,-123.75,-43.23,6.33,0,19.67,0.67,0,58.57,37.67,11.33,107.33,117.33,6.33,0,1.67,0,16,2,2,NYCBRO917,1,1,467,1063865,40,38,0,0,1,0,0,0,0,0,2,0,0,0,0,0,1,1,0,0,0,0,0,0,0,0,0,NONE,0,0,1,0,2,UNKNOWN,0,0,0,0,0,1,0,0,0,0,1,0,5,0,0,1,0,0,0,
54.8,504.75,56.2,0,22.75,0,-226.75,40.03,4,13,11.33,1,0.33,172.5,8.67,1.33,54,73,17,0,0,0,12,2,2,CHICHI773,2,2,5,1064134,42,42,1,0,1,0,0,0,0,0,2,0,0,0,0,1,1,0,0,0,0,0,0,0,0,0,0,NONE,0,0,1,0,2,UNKNOWN,1,1,0,0,0,1,1,1,0,1,0,0,9,0,0,0,149.99,1,0,
